order_id,delivery_person_id,delivery_person_age,delivery_person_rating,city,weather_conditions,road_traffic_density,vehicle_condition,order_type,vehicle_type,multiple_deliveries,festival,time_taken_min,event_type,event_timestamp
0x39ab,MYSRES11DEL02,31,4.7,Metropolitian,Stormy,Medium,0,Buffet,motorcycle,0,No,26,ORDER_PLACED,2022-03-13T17:40:00
0x39ab,MYSRES11DEL02,31,4.7,Metropolitian,Stormy,Medium,0,Buffet,motorcycle,0,No,26,ORDER_PICKED_UP,2022-03-13T17:55:00
0x39ab,MYSRES11DEL02,31,4.7,Metropolitian,Stormy,Medium,0,Buffet,motorcycle,0,No,26,ORDER_DELIVERED,2022-03-13T18:21:00
0x127b,SURRES010DEL02,37,4.8,Metropolitian,Sunny,Jam,0,Buffet,motorcycle,0,No,22,ORDER_PLACED,2022-03-28T21:15:00
0x127b,SURRES010DEL02,37,4.8,Metropolitian,Sunny,Jam,0,Buffet,motorcycle,0,No,22,ORDER_PICKED_UP,2022-03-28T21:30:00
0x127b,SURRES010DEL02,37,4.8,Metropolitian,Sunny,Jam,0,Buffet,motorcycle,0,No,22,ORDER_DELIVERED,2022-03-28T21:52:00
0x1fcd,CHENRES13DEL02,38,4.9,Metropolitian,Windy,Jam,0,Meal,motorcycle,1,No,37,ORDER_PLACED,2022-03-27T19:55:00
0x1fcd,CHENRES13DEL02,38,4.9,Metropolitian,Windy,Jam,0,Meal,motorcycle,1,No,37,ORDER_PICKED_UP,2022-03-27T19:59:59.999971
0x1fcd,CHENRES13DEL02,38,4.9,Metropolitian,Windy,Jam,0,Meal,motorcycle,1,No,37,ORDER_DELIVERED,2022-03-27T20:36:59.999971
0x929c,HYDRES01DEL01,21,4.5,Metropolitian,Windy,Jam,2,Buffet,electric_scooter,1,No,19,ORDER_PLACED,2022-03-27T19:40:00
0x929c,HYDRES01DEL01,21,4.5,Metropolitian,Windy,Jam,2,Buffet,electric_scooter,1,No,19,ORDER_PICKED_UP,2022-03-27T19:55:00
0x929c,HYDRES01DEL01,21,4.5,Metropolitian,Windy,Jam,2,Buffet,electric_scooter,1,No,19,ORDER_DELIVERED,2022-03-27T20:14:00
0x1270,HYDRES17DEL02,24,4.2,Urban,Sandstorms,Low,0,Drinks,motorcycle,1,No,24,ORDER_PLACED,2022-03-21T09:20:00
0x1270,HYDRES17DEL02,24,4.2,Urban,Sandstorms,Low,0,Drinks,motorcycle,1,No,24,ORDER_PICKED_UP,2022-03-21T09:30:00
0x1270,HYDRES17DEL02,24,4.2,Urban,Sandstorms,Low,0,Drinks,motorcycle,1,No,24,ORDER_DELIVERED,2022-03-21T09:54:00
0x9030,RANCHIRES14DEL02,25,4.1,Metropolitian,Windy,Low,0,Meal,motorcycle,0,No,16,ORDER_PLACED,2022-04-05T23:35:00
0x9030,RANCHIRES14DEL02,25,4.1,Metropolitian,Windy,Low,0,Meal,motorcycle,0,No,16,ORDER_PICKED_UP,2022-04-05T23:40:00
0x9030,RANCHIRES14DEL02,25,4.1,Metropolitian,Windy,Low,0,Meal,motorcycle,0,No,16,ORDER_DELIVERED,2022-04-05T23:56:00
0x55c1,PUNERES07DEL01,28,5.0,Urban,Cloudy,Low,0,Buffet,motorcycle,0,No,23,ORDER_PLACED,2022-03-29T22:55:00
0x55c1,PUNERES07DEL01,28,5.0,Urban,Cloudy,Low,0,Buffet,motorcycle,0,No,23,ORDER_PICKED_UP,2022-03-29T23:05:00
0x55c1,PUNERES07DEL01,28,5.0,Urban,Cloudy,Low,0,Buffet,motorcycle,0,No,23,ORDER_DELIVERED,2022-03-29T23:28:00
0xd25d,KOCRES06DEL02,27,4.7,Urban,Windy,Low,1,Meal,scooter,0,No,13,ORDER_PLACED,2022-02-16T23:15:00
0xd25d,KOCRES06DEL02,27,4.7,Urban,Windy,Low,1,Meal,scooter,0,No,13,ORDER_PICKED_UP,2022-02-16T23:25:00
0xd25d,KOCRES06DEL02,27,4.7,Urban,Windy,Low,1,Meal,scooter,0,No,13,ORDER_DELIVERED,2022-02-16T23:38:00
0x3e29,CHENRES16DEL01,35,5.0,Metropolitian,Sunny,Low,0,Drinks,motorcycle,1,No,29,ORDER_PLACED,2022-03-13T10:59:59.999971
0x3e29,CHENRES16DEL01,35,5.0,Metropolitian,Sunny,Low,0,Drinks,motorcycle,1,No,29,ORDER_PICKED_UP,2022-03-13T11:10:00
0x3e29,CHENRES16DEL01,35,5.0,Metropolitian,Sunny,Low,0,Drinks,motorcycle,1,No,29,ORDER_DELIVERED,2022-03-13T11:39:00
0x46de,SURRES04DEL02,39,4.7,Metropolitian,Windy,Low,2,Drinks,scooter,0,No,24,ORDER_PLACED,2022-04-01T09:20:00
0x46de,SURRES04DEL02,39,4.7,Metropolitian,Windy,Low,2,Drinks,scooter,0,No,24,ORDER_PICKED_UP,2022-04-01T09:35:00
0x46de,SURRES04DEL02,39,4.7,Metropolitian,Windy,Low,2,Drinks,scooter,0,No,24,ORDER_DELIVERED,2022-04-01T09:59:00
0x6b9c,CHENRES11DEL02,21,4.9,Urban,Sandstorms,Medium,0,Snack,motorcycle,1,No,27,ORDER_PLACED,2022-04-02T18:45:00
0x6b9c,CHENRES11DEL02,21,4.9,Urban,Sandstorms,Medium,0,Snack,motorcycle,1,No,27,ORDER_PICKED_UP,2022-04-02T19:00:00.000029
0x6b9c,CHENRES11DEL02,21,4.9,Urban,Sandstorms,Medium,0,Snack,motorcycle,1,No,27,ORDER_DELIVERED,2022-04-02T19:27:00.000029
0x84d2,VADRES03DEL02,22,4.6,Metropolitian,Sandstorms,Low,2,Meal,scooter,0,No,11,ORDER_PLACED,2022-03-31T22:25:00
0x84d2,VADRES03DEL02,22,4.6,Metropolitian,Sandstorms,Low,2,Meal,scooter,0,No,11,ORDER_PICKED_UP,2022-03-31T22:35:00
0x84d2,VADRES03DEL02,22,4.6,Metropolitian,Sandstorms,Low,2,Meal,scooter,0,No,11,ORDER_DELIVERED,2022-03-31T22:46:00
0x9c4f,JAPRES18DEL01,22,4.8,Metropolitian,Windy,Low,2,Drinks,scooter,0,No,10,ORDER_PLACED,2022-03-19T10:45:00
0x9c4f,JAPRES18DEL01,22,4.8,Metropolitian,Windy,Low,2,Drinks,scooter,0,No,10,ORDER_PICKED_UP,2022-03-19T10:55:00
0x9c4f,JAPRES18DEL01,22,4.8,Metropolitian,Windy,Low,2,Drinks,scooter,0,No,10,ORDER_DELIVERED,2022-03-19T11:05:00
0x79b4,RANCHIRES03DEL03,20,4.7,Urban,Fog,Medium,0,Meal,motorcycle,0,No,20,ORDER_PLACED,2022-03-30T17:10:00
0x79b4,RANCHIRES03DEL03,20,4.7,Urban,Fog,Medium,0,Meal,motorcycle,0,No,20,ORDER_PICKED_UP,2022-03-30T17:15:00
0x79b4,RANCHIRES03DEL03,20,4.7,Urban,Fog,Medium,0,Meal,motorcycle,0,No,20,ORDER_DELIVERED,2022-03-30T17:35:00
0xade2,MUMRES14DEL03,36,4.7,Metropolitian,Sandstorms,Jam,1,Drinks,scooter,1,No,25,ORDER_PLACED,2022-03-03T21:15:00
0xade2,MUMRES14DEL03,36,4.7,Metropolitian,Sandstorms,Jam,1,Drinks,scooter,1,No,25,ORDER_PICKED_UP,2022-03-03T21:25:00
0xade2,MUMRES14DEL03,36,4.7,Metropolitian,Sandstorms,Jam,1,Drinks,scooter,1,No,25,ORDER_DELIVERED,2022-03-03T21:50:00
0x45f8,MYSRES16DEL01,27,4.7,Metropolitian,Cloudy,High,1,Snack,motorcycle,1,No,25,ORDER_PLACED,2022-03-21T14:15:00
0x45f8,MYSRES16DEL01,27,4.7,Metropolitian,Cloudy,High,1,Snack,motorcycle,1,No,25,ORDER_PICKED_UP,2022-03-21T14:20:00
0x45f8,MYSRES16DEL01,27,4.7,Metropolitian,Cloudy,High,1,Snack,motorcycle,1,No,25,ORDER_DELIVERED,2022-03-21T14:45:00
0x2b09,HYDRES01DEL01,28,4.2,Metropolitian,Stormy,Low,0,Drinks,motorcycle,1,No,29,ORDER_PLACED,2022-03-26T10:40:00
0x2b09,HYDRES01DEL01,28,4.2,Metropolitian,Stormy,Low,0,Drinks,motorcycle,1,No,29,ORDER_PICKED_UP,2022-03-26T10:45:00
0x2b09,HYDRES01DEL01,28,4.2,Metropolitian,Stormy,Low,0,Drinks,motorcycle,1,No,29,ORDER_DELIVERED,2022-03-26T11:14:00
0x4655,CHENRES02DEL03,38,4.4,Urban,Windy,Jam,1,Meal,motorcycle,1,No,32,ORDER_PLACED,2022-03-25T20:55:00
0x4655,CHENRES02DEL03,38,4.4,Urban,Windy,Jam,1,Meal,motorcycle,1,No,32,ORDER_PICKED_UP,2022-03-25T21:10:00
0x4655,CHENRES02DEL03,38,4.4,Urban,Windy,Jam,1,Meal,motorcycle,1,No,32,ORDER_DELIVERED,2022-03-25T21:42:00
0xa287,MYSRES14DEL03,31,5.0,Urban,Cloudy,Jam,1,Drinks,motorcycle,2,No,35,ORDER_PLACED,2022-03-07T19:40:00
0xa287,MYSRES14DEL03,31,5.0,Urban,Cloudy,Jam,1,Drinks,motorcycle,2,No,35,ORDER_PICKED_UP,2022-03-07T19:55:00
0xa287,MYSRES14DEL03,31,5.0,Urban,Cloudy,Jam,1,Drinks,motorcycle,2,No,35,ORDER_DELIVERED,2022-03-07T20:30:00
0xbb10,MYSRES08DEL01,35,4.9,Metropolitian,Sandstorms,Low,0,Meal,motorcycle,1,No,26,ORDER_PLACED,2022-03-27T23:55:00
0xbb10,MYSRES08DEL01,35,4.9,Metropolitian,Sandstorms,Low,0,Meal,motorcycle,1,No,26,ORDER_PICKED_UP,2022-03-28T00:10:00
0xbb10,MYSRES08DEL01,35,4.9,Metropolitian,Sandstorms,Low,0,Meal,motorcycle,1,No,26,ORDER_DELIVERED,2022-03-28T00:36:00
0xe008,DEHRES08DEL02,36,4.4,Metropolitian,Stormy,Jam,0,Snack,motorcycle,1,No,46,ORDER_PLACED,2022-02-15T20:15:00
0xe008,DEHRES08DEL02,36,4.4,Metropolitian,Stormy,Jam,0,Snack,motorcycle,1,No,46,ORDER_PICKED_UP,2022-02-15T20:25:00
0xe008,DEHRES08DEL02,36,4.4,Metropolitian,Stormy,Jam,0,Snack,motorcycle,1,No,46,ORDER_DELIVERED,2022-02-15T21:11:00
0x5d53,PUNERES06DEL01,25,4.8,Metropolitian,Sunny,Medium,0,Snack,motorcycle,1,No,22,ORDER_PLACED,2022-03-15T15:40:00
0x5d53,PUNERES06DEL01,25,4.8,Metropolitian,Sunny,Medium,0,Snack,motorcycle,1,No,22,ORDER_PICKED_UP,2022-03-15T15:50:00
0x5d53,PUNERES06DEL01,25,4.8,Metropolitian,Sunny,Medium,0,Snack,motorcycle,1,No,22,ORDER_DELIVERED,2022-03-15T16:12:00
0xa587,JAPRES19DEL02,21,4.5,Metropolitian,Cloudy,Jam,0,Meal,motorcycle,0,No,27,ORDER_PLACED,2022-04-01T20:55:00
0xa587,JAPRES19DEL02,21,4.5,Metropolitian,Cloudy,Jam,0,Meal,motorcycle,0,No,27,ORDER_PICKED_UP,2022-04-01T21:05:00
0xa587,JAPRES19DEL02,21,4.5,Metropolitian,Cloudy,Jam,0,Meal,motorcycle,0,No,27,ORDER_DELIVERED,2022-04-01T21:32:00
0x745e,VADRES05DEL02,27,4.6,Urban,Cloudy,Jam,1,Buffet,motorcycle,1,No,27,ORDER_PLACED,2022-03-13T22:00:00.000029
0x745e,VADRES05DEL02,27,4.6,Urban,Cloudy,Jam,1,Buffet,motorcycle,1,No,27,ORDER_PICKED_UP,2022-03-13T22:05:00
0x745e,VADRES05DEL02,27,4.6,Urban,Cloudy,Jam,1,Buffet,motorcycle,1,No,27,ORDER_DELIVERED,2022-03-13T22:32:00
0x7448,RANCHIRES16DEL01,27,4.6,Metropolitian,Sandstorms,Medium,1,Snack,scooter,0,No,28,ORDER_PLACED,2022-03-11T16:40:00
0x7448,RANCHIRES16DEL01,27,4.6,Metropolitian,Sandstorms,Medium,1,Snack,scooter,0,No,28,ORDER_PICKED_UP,2022-03-11T16:55:00
0x7448,RANCHIRES16DEL01,27,4.6,Metropolitian,Sandstorms,Medium,1,Snack,scooter,0,No,28,ORDER_DELIVERED,2022-03-11T17:23:00
0xd395,LUDHRES11DEL01,34,4.7,Metropolitian,Sandstorms,Jam,0,Meal,motorcycle,0,No,52,ORDER_PLACED,2022-02-14T21:30:00
0xd395,LUDHRES11DEL01,34,4.7,Metropolitian,Sandstorms,Jam,0,Meal,motorcycle,0,No,52,ORDER_PICKED_UP,2022-02-14T21:45:00
0xd395,LUDHRES11DEL01,34,4.7,Metropolitian,Sandstorms,Jam,0,Meal,motorcycle,0,No,52,ORDER_DELIVERED,2022-02-14T22:37:00
0xdd07,BHPRES02DEL02,36,4.6,Metropolitian,Cloudy,Low,1,Buffet,motorcycle,1,No,18,ORDER_PLACED,2022-02-17T22:15:00
0xdd07,BHPRES02DEL02,36,4.6,Metropolitian,Cloudy,Low,1,Buffet,motorcycle,1,No,18,ORDER_PICKED_UP,2022-02-17T22:25:00
0xdd07,BHPRES02DEL02,36,4.6,Metropolitian,Cloudy,Low,1,Buffet,motorcycle,1,No,18,ORDER_DELIVERED,2022-02-17T22:43:00
0x6854,PUNERES18DEL01,25,4.7,Urban,Windy,Low,1,Drinks,scooter,0,No,19,ORDER_PLACED,2022-03-16T23:20:00
0x6854,PUNERES18DEL01,25,4.7,Urban,Windy,Low,1,Drinks,scooter,0,No,19,ORDER_PICKED_UP,2022-03-16T23:30:00
0x6854,PUNERES18DEL01,25,4.7,Urban,Windy,Low,1,Drinks,scooter,0,No,19,ORDER_DELIVERED,2022-03-16T23:49:00
0x6538,VADRES010DEL03,36,4.4,Semi-Urban,Sandstorms,Jam,0,Snack,motorcycle,0,No,48,ORDER_PLACED,2022-03-19T19:20:00
0x6538,VADRES010DEL03,36,4.4,Semi-Urban,Sandstorms,Jam,0,Snack,motorcycle,0,No,48,ORDER_PICKED_UP,2022-03-19T19:25:00
0x6538,VADRES010DEL03,36,4.4,Semi-Urban,Sandstorms,Jam,0,Snack,motorcycle,0,No,48,ORDER_DELIVERED,2022-03-19T20:13:00
0x5cb0,MUMRES13DEL01,33,4.0,Metropolitian,Windy,Jam,0,Meal,motorcycle,1,No,52,ORDER_PLACED,2022-03-08T20:55:00
0x5cb0,MUMRES13DEL01,33,4.0,Metropolitian,Windy,Jam,0,Meal,motorcycle,1,No,52,ORDER_PICKED_UP,2022-03-08T21:00:00
0x5cb0,MUMRES13DEL01,33,4.0,Metropolitian,Windy,Jam,0,Meal,motorcycle,1,No,52,ORDER_DELIVERED,2022-03-08T21:52:00
0x7f71,MYSRES11DEL02,36,4.5,Metropolitian,Stormy,Jam,2,Snack,scooter,1,No,35,ORDER_PLACED,2022-03-29T19:40:00
0x7f71,MYSRES11DEL02,36,4.5,Metropolitian,Stormy,Jam,2,Snack,scooter,1,No,35,ORDER_PICKED_UP,2022-03-29T19:50:00
0x7f71,MYSRES11DEL02,36,4.5,Metropolitian,Stormy,Jam,2,Snack,scooter,1,No,35,ORDER_DELIVERED,2022-03-29T20:25:00
0xc52,CHENRES08DEL03,38,4.8,Metropolitian,Sunny,Low,0,Meal,motorcycle,1,No,24,ORDER_PLACED,2022-03-19T22:10:00
0xc52,CHENRES08DEL03,38,4.8,Metropolitian,Sunny,Low,0,Meal,motorcycle,1,No,24,ORDER_PICKED_UP,2022-03-19T22:15:00
0xc52,CHENRES08DEL03,38,4.8,Metropolitian,Sunny,Low,0,Meal,motorcycle,1,No,24,ORDER_DELIVERED,2022-03-19T22:39:00
0xca2f,KOCRES16DEL01,34,4.5,Metropolitian,Sandstorms,Low,2,Drinks,electric_scooter,1,No,28,ORDER_PLACED,2022-02-15T09:15:00
0xca2f,KOCRES16DEL01,34,4.5,Metropolitian,Sandstorms,Low,2,Drinks,electric_scooter,1,No,28,ORDER_PICKED_UP,2022-02-15T09:20:00
0xca2f,KOCRES16DEL01,34,4.5,Metropolitian,Sandstorms,Low,2,Drinks,electric_scooter,1,No,28,ORDER_DELIVERED,2022-02-15T09:48:00
0x46e4,VADRES01DEL01,29,4.7,Metropolitian,Fog,Medium,0,Drinks,motorcycle,1,No,35,ORDER_PLACED,2022-03-08T17:15:00
0x46e4,VADRES01DEL01,29,4.7,Metropolitian,Fog,Medium,0,Drinks,motorcycle,1,No,35,ORDER_PICKED_UP,2022-03-08T17:30:00
0x46e4,VADRES01DEL01,29,4.7,Metropolitian,Fog,Medium,0,Drinks,motorcycle,1,No,35,ORDER_DELIVERED,2022-03-08T18:05:00
0x50d9,JAPRES08DEL01,31,4.7,Metropolitian,Sunny,Medium,0,Meal,motorcycle,1,No,29,ORDER_PLACED,2022-03-20T17:40:00
0x50d9,JAPRES08DEL01,31,4.7,Metropolitian,Sunny,Medium,0,Meal,motorcycle,1,No,29,ORDER_PICKED_UP,2022-03-20T17:45:00
0x50d9,JAPRES08DEL01,31,4.7,Metropolitian,Sunny,Medium,0,Meal,motorcycle,1,No,29,ORDER_DELIVERED,2022-03-20T18:14:00
0xd1b2,DEHRES02DEL01,35,4.6,Urban,Cloudy,Low,2,Buffet,scooter,0,No,15,ORDER_PLACED,2022-02-15T09:40:00
0xd1b2,DEHRES02DEL01,35,4.6,Urban,Cloudy,Low,2,Buffet,scooter,0,No,15,ORDER_PICKED_UP,2022-02-15T09:55:00
0xd1b2,DEHRES02DEL01,35,4.6,Urban,Cloudy,Low,2,Buffet,scooter,0,No,15,ORDER_DELIVERED,2022-02-15T10:10:00
0x8544,MYSRES05DEL01,25,4.2,Metropolitian,Fog,Jam,2,Meal,motorcycle,1,No,44,ORDER_PLACED,2022-03-10T20:10:00
0x8544,MYSRES05DEL01,25,4.2,Metropolitian,Fog,Jam,2,Meal,motorcycle,1,No,44,ORDER_PICKED_UP,2022-03-10T20:25:00
0x8544,MYSRES05DEL01,25,4.2,Metropolitian,Fog,Jam,2,Meal,motorcycle,1,No,44,ORDER_DELIVERED,2022-03-10T21:09:00
0xc919,GOARES17DEL02,36,4.9,Metropolitian,Stormy,Low,0,Drinks,motorcycle,0,No,28,ORDER_PLACED,2022-02-14T22:15:00
0xc919,GOARES17DEL02,36,4.9,Metropolitian,Stormy,Low,0,Drinks,motorcycle,0,No,28,ORDER_PICKED_UP,2022-02-14T22:20:00
0xc919,GOARES17DEL02,36,4.9,Metropolitian,Stormy,Low,0,Drinks,motorcycle,0,No,28,ORDER_DELIVERED,2022-02-14T22:48:00
0xac46,PUNERES04DEL02,21,5.0,Metropolitian,Sandstorms,Jam,0,Snack,motorcycle,0,No,32,ORDER_PLACED,2022-03-14T19:40:00
0xac46,PUNERES04DEL02,21,5.0,Metropolitian,Sandstorms,Jam,0,Snack,motorcycle,0,No,32,ORDER_PICKED_UP,2022-03-14T19:55:00
0xac46,PUNERES04DEL02,21,5.0,Metropolitian,Sandstorms,Jam,0,Snack,motorcycle,0,No,32,ORDER_DELIVERED,2022-03-14T20:27:00
0x5e2e,SURRES05DEL03,23,4.3,Urban,Fog,Jam,1,Drinks,motorcycle,2,No,44,ORDER_PLACED,2022-04-02T21:35:00
0x5e2e,SURRES05DEL03,23,4.3,Urban,Fog,Jam,1,Drinks,motorcycle,2,No,44,ORDER_PICKED_UP,2022-04-02T21:45:00
0x5e2e,SURRES05DEL03,23,4.3,Urban,Fog,Jam,1,Drinks,motorcycle,2,No,44,ORDER_DELIVERED,2022-04-02T22:29:00
0xd273,BHPRES06DEL01,35,4.7,Urban,Sandstorms,Medium,2,Buffet,scooter,1,No,29,ORDER_PLACED,2022-02-12T18:50:00
0xd273,BHPRES06DEL01,35,4.7,Urban,Sandstorms,Medium,2,Buffet,scooter,1,No,29,ORDER_PICKED_UP,2022-02-12T18:55:00
0xd273,BHPRES06DEL01,35,4.7,Urban,Sandstorms,Medium,2,Buffet,scooter,1,No,29,ORDER_DELIVERED,2022-02-12T19:24:00
0x904a,PUNERES05DEL01,31,4.6,Metropolitian,Sandstorms,Low,2,Buffet,motorcycle,1,No,25,ORDER_PLACED,2022-03-14T22:50:00
0x904a,PUNERES05DEL01,31,4.6,Metropolitian,Sandstorms,Low,2,Buffet,motorcycle,1,No,25,ORDER_PICKED_UP,2022-03-14T22:59:59.999971
0x904a,PUNERES05DEL01,31,4.6,Metropolitian,Sandstorms,Low,2,Buffet,motorcycle,1,No,25,ORDER_DELIVERED,2022-03-14T23:24:59.999971
0x4e74,COIMBRES04DEL03,37,4.8,Metropolitian,Stormy,Low,1,Meal,scooter,1,No,26,ORDER_PLACED,2022-04-05T22:55:00
0x4e74,COIMBRES04DEL03,37,4.8,Metropolitian,Stormy,Low,1,Meal,scooter,1,No,26,ORDER_PICKED_UP,2022-04-05T22:59:59.999971
0x4e74,COIMBRES04DEL03,37,4.8,Metropolitian,Stormy,Low,1,Meal,scooter,1,No,26,ORDER_DELIVERED,2022-04-05T23:25:59.999971
0x600b,PUNERES06DEL02,35,4.7,Metropolitian,Sunny,Medium,2,Meal,motorcycle,1,No,25,ORDER_PLACED,2022-03-31T17:50:00
0x600b,PUNERES06DEL02,35,4.7,Metropolitian,Sunny,Medium,2,Meal,motorcycle,1,No,25,ORDER_PICKED_UP,2022-03-31T18:05:00
0x600b,PUNERES06DEL02,35,4.7,Metropolitian,Sunny,Medium,2,Meal,motorcycle,1,No,25,ORDER_DELIVERED,2022-03-31T18:30:00
0xb634,PUNERES06DEL03,36,4.7,Metropolitian,Cloudy,Low,1,Buffet,motorcycle,0,No,19,ORDER_PLACED,2022-04-06T00:00:00
0xb634,PUNERES06DEL03,36,4.7,Metropolitian,Cloudy,Low,1,Buffet,motorcycle,0,No,19,ORDER_PICKED_UP,2022-04-06T00:10:00
0xb634,PUNERES06DEL03,36,4.7,Metropolitian,Cloudy,Low,1,Buffet,motorcycle,0,No,19,ORDER_DELIVERED,2022-04-06T00:29:00
0xb31d,BANGRES19DEL02,27,4.5,Metropolitian,Sunny,Jam,2,Meal,electric_scooter,0,No,19,ORDER_PLACED,2022-03-04T20:40:00
0xb31d,BANGRES19DEL02,27,4.5,Metropolitian,Sunny,Jam,2,Meal,electric_scooter,0,No,19,ORDER_PICKED_UP,2022-03-04T20:50:00
0xb31d,BANGRES19DEL02,27,4.5,Metropolitian,Sunny,Jam,2,Meal,electric_scooter,0,No,19,ORDER_DELIVERED,2022-03-04T21:09:00
0xdb09,KOLRES03DEL02,22,4.5,Metropolitian,Sunny,Medium,1,Meal,scooter,1,No,15,ORDER_PLACED,2022-02-12T18:35:00
0xdb09,KOLRES03DEL02,22,4.5,Metropolitian,Sunny,Medium,1,Meal,scooter,1,No,15,ORDER_PICKED_UP,2022-02-12T18:50:00
0xdb09,KOLRES03DEL02,22,4.5,Metropolitian,Sunny,Medium,1,Meal,scooter,1,No,15,ORDER_DELIVERED,2022-02-12T19:05:00
0x88eb,RANCHIRES01DEL01,35,4.4,Urban,Windy,Medium,0,Drinks,motorcycle,0,No,35,ORDER_PLACED,2022-03-06T18:30:00
0x88eb,RANCHIRES01DEL01,35,4.4,Urban,Windy,Medium,0,Drinks,motorcycle,0,No,35,ORDER_PICKED_UP,2022-03-06T18:45:00
0x88eb,RANCHIRES01DEL01,35,4.4,Urban,Windy,Medium,0,Drinks,motorcycle,0,No,35,ORDER_DELIVERED,2022-03-06T19:20:00
0xd83c,LUDHRES08DEL02,34,4.8,Urban,Cloudy,Jam,2,Meal,scooter,1,No,34,ORDER_PLACED,2022-02-11T19:55:00
0xd83c,LUDHRES08DEL02,34,4.8,Urban,Cloudy,Jam,2,Meal,scooter,1,No,34,ORDER_PICKED_UP,2022-02-11T19:59:59.999971
0xd83c,LUDHRES08DEL02,34,4.8,Urban,Cloudy,Jam,2,Meal,scooter,1,No,34,ORDER_DELIVERED,2022-02-11T20:33:59.999971
0x522b,CHENRES03DEL01,34,4.9,Metropolitian,Fog,Jam,1,Drinks,scooter,1,No,44,ORDER_PLACED,2022-04-02T20:20:00
0x522b,CHENRES03DEL01,34,4.9,Metropolitian,Fog,Jam,1,Drinks,scooter,1,No,44,ORDER_PICKED_UP,2022-04-02T20:30:00
0x522b,CHENRES03DEL01,34,4.9,Metropolitian,Fog,Jam,1,Drinks,scooter,1,No,44,ORDER_DELIVERED,2022-04-02T21:14:00
0xb12e,HYDRES02DEL01,33,4.6,Metropolitian,Windy,Medium,1,Snack,motorcycle,1,No,30,ORDER_PLACED,2022-03-19T15:15:00
0xb12e,HYDRES02DEL01,33,4.6,Metropolitian,Windy,Medium,1,Snack,motorcycle,1,No,30,ORDER_PICKED_UP,2022-03-19T15:30:00
0xb12e,HYDRES02DEL01,33,4.6,Metropolitian,Windy,Medium,1,Snack,motorcycle,1,No,30,ORDER_DELIVERED,2022-03-19T16:00:00
0xc143,KNPRES14DEL03,37,4.5,Urban,Windy,Low,1,Meal,motorcycle,0,No,20,ORDER_PLACED,2022-02-13T22:30:00
0xc143,KNPRES14DEL03,37,4.5,Urban,Windy,Low,1,Meal,motorcycle,0,No,20,ORDER_PICKED_UP,2022-02-13T22:40:00
0xc143,KNPRES14DEL03,37,4.5,Urban,Windy,Low,1,Meal,motorcycle,0,No,20,ORDER_DELIVERED,2022-02-13T23:00:00
0x256d,HYDRES11DEL01,30,5.0,Metropolitian,Fog,Jam,1,Meal,scooter,1,No,41,ORDER_PLACED,2022-03-08T19:15:00
0x256d,HYDRES11DEL01,30,5.0,Metropolitian,Fog,Jam,1,Meal,scooter,1,No,41,ORDER_PICKED_UP,2022-03-08T19:25:00
0x256d,HYDRES11DEL01,30,5.0,Metropolitian,Fog,Jam,1,Meal,scooter,1,No,41,ORDER_DELIVERED,2022-03-08T20:06:00
0x4d9d,VADRES20DEL01,22,4.8,Urban,Sandstorms,Medium,2,Buffet,scooter,1,No,25,ORDER_PLACED,2022-03-14T18:20:00
0x4d9d,VADRES20DEL01,22,4.8,Urban,Sandstorms,Medium,2,Buffet,scooter,1,No,25,ORDER_PICKED_UP,2022-03-14T18:35:00
0x4d9d,VADRES20DEL01,22,4.8,Urban,Sandstorms,Medium,2,Buffet,scooter,1,No,25,ORDER_DELIVERED,2022-03-14T19:00:00
0xb6b3,INDORES02DEL02,24,4.6,Metropolitian,Fog,Low,0,Buffet,motorcycle,0,No,23,ORDER_PLACED,2022-03-29T22:25:00
0xb6b3,INDORES02DEL02,24,4.6,Metropolitian,Fog,Low,0,Buffet,motorcycle,0,No,23,ORDER_PICKED_UP,2022-03-29T22:35:00
0xb6b3,INDORES02DEL02,24,4.6,Metropolitian,Fog,Low,0,Buffet,motorcycle,0,No,23,ORDER_DELIVERED,2022-03-29T22:58:00
0x4798,INDORES17DEL01,25,4.5,Metropolitian,Sunny,Low,0,Drinks,motorcycle,0,No,15,ORDER_PLACED,2022-03-09T08:30:00
0x4798,INDORES17DEL01,25,4.5,Metropolitian,Sunny,Low,0,Drinks,motorcycle,0,No,15,ORDER_PICKED_UP,2022-03-09T08:45:00
0x4798,INDORES17DEL01,25,4.5,Metropolitian,Sunny,Low,0,Drinks,motorcycle,0,No,15,ORDER_DELIVERED,2022-03-09T09:00:00
0xa58f,MYSRES04DEL02,35,4.9,Metropolitian,Windy,Medium,0,Meal,motorcycle,1,No,36,ORDER_PLACED,2022-04-04T18:10:00
0xa58f,MYSRES04DEL02,35,4.9,Metropolitian,Windy,Medium,0,Meal,motorcycle,1,No,36,ORDER_PICKED_UP,2022-04-04T18:20:00
0xa58f,MYSRES04DEL02,35,4.9,Metropolitian,Windy,Medium,0,Meal,motorcycle,1,No,36,ORDER_DELIVERED,2022-04-04T18:56:00
0xa25a,PUNERES12DEL01,33,3.8,Metropolitian,Sandstorms,Jam,2,Drinks,electric_scooter,0,No,33,ORDER_PLACED,2022-03-20T21:55:00
0xa25a,PUNERES12DEL01,33,3.8,Metropolitian,Sandstorms,Jam,2,Drinks,electric_scooter,0,No,33,ORDER_PICKED_UP,2022-03-20T22:10:00
0xa25a,PUNERES12DEL01,33,3.8,Metropolitian,Sandstorms,Jam,2,Drinks,electric_scooter,0,No,33,ORDER_DELIVERED,2022-03-20T22:43:00
0xa151,PUNERES13DEL02,31,4.3,Metropolitian,Windy,Jam,0,Drinks,motorcycle,1,No,41,ORDER_PLACED,2022-03-31T20:25:00
0xa151,PUNERES13DEL02,31,4.3,Metropolitian,Windy,Jam,0,Drinks,motorcycle,1,No,41,ORDER_PICKED_UP,2022-03-31T20:35:00
0xa151,PUNERES13DEL02,31,4.3,Metropolitian,Windy,Jam,0,Drinks,motorcycle,1,No,41,ORDER_DELIVERED,2022-03-31T21:16:00
0xc678,KOLRES18DEL01,33,4.6,Metropolitian,Stormy,High,1,Meal,scooter,1,No,26,ORDER_PLACED,2022-02-11T11:50:00
0xc678,KOLRES18DEL01,33,4.6,Metropolitian,Stormy,High,1,Meal,scooter,1,No,26,ORDER_PICKED_UP,2022-02-11T11:55:00
0xc678,KOLRES18DEL01,33,4.6,Metropolitian,Stormy,High,1,Meal,scooter,1,No,26,ORDER_DELIVERED,2022-02-11T12:21:00
0x731b,SURRES01DEL03,32,4.5,Metropolitian,Stormy,Jam,1,Meal,motorcycle,1,No,28,ORDER_PLACED,2022-03-24T21:10:00
0x731b,SURRES01DEL03,32,4.5,Metropolitian,Stormy,Jam,1,Meal,motorcycle,1,No,28,ORDER_PICKED_UP,2022-03-24T21:20:00
0x731b,SURRES01DEL03,32,4.5,Metropolitian,Stormy,Jam,1,Meal,motorcycle,1,No,28,ORDER_DELIVERED,2022-03-24T21:48:00
0x205d,COIMBRES09DEL03,26,4.7,Metropolitian,Stormy,Low,2,Snack,scooter,0,No,14,ORDER_PLACED,2022-04-06T22:20:00
0x205d,COIMBRES09DEL03,26,4.7,Metropolitian,Stormy,Low,2,Snack,scooter,0,No,14,ORDER_PICKED_UP,2022-04-06T22:35:00
0x205d,COIMBRES09DEL03,26,4.7,Metropolitian,Stormy,Low,2,Snack,scooter,0,No,14,ORDER_DELIVERED,2022-04-06T22:49:00
0xcd3a,BHPRES05DEL02,38,4.7,Metropolitian,Windy,Jam,1,Meal,scooter,1,No,33,ORDER_PLACED,2022-02-17T20:30:00
0xcd3a,BHPRES05DEL02,38,4.7,Metropolitian,Windy,Jam,1,Meal,scooter,1,No,33,ORDER_PICKED_UP,2022-02-17T20:35:00
0xcd3a,BHPRES05DEL02,38,4.7,Metropolitian,Windy,Jam,1,Meal,scooter,1,No,33,ORDER_DELIVERED,2022-02-17T21:08:00
0xdca6,ALHRES12DEL02,20,4.7,Metropolitian,Sandstorms,Low,0,Buffet,motorcycle,0,No,24,ORDER_PLACED,2022-02-18T22:35:00
0xdca6,ALHRES12DEL02,20,4.7,Metropolitian,Sandstorms,Low,0,Buffet,motorcycle,0,No,24,ORDER_PICKED_UP,2022-02-18T22:45:00
0xdca6,ALHRES12DEL02,20,4.7,Metropolitian,Sandstorms,Low,0,Buffet,motorcycle,0,No,24,ORDER_DELIVERED,2022-02-18T23:09:00
0x753d,MYSRES04DEL03,20,5.0,Metropolitian,Sandstorms,Low,0,Buffet,motorcycle,1,No,19,ORDER_PLACED,2022-03-20T22:55:00
0x753d,MYSRES04DEL03,20,5.0,Metropolitian,Sandstorms,Low,0,Buffet,motorcycle,1,No,19,ORDER_PICKED_UP,2022-03-20T23:05:00
0x753d,MYSRES04DEL03,20,5.0,Metropolitian,Sandstorms,Low,0,Buffet,motorcycle,1,No,19,ORDER_DELIVERED,2022-03-20T23:24:00
0x7a7b,SURRES12DEL02,39,4.9,Metropolitian,Windy,Medium,1,Meal,motorcycle,0,No,28,ORDER_PLACED,2022-03-19T17:15:00
0x7a7b,SURRES12DEL02,39,4.9,Metropolitian,Windy,Medium,1,Meal,motorcycle,0,No,28,ORDER_PICKED_UP,2022-03-19T17:20:00
0x7a7b,SURRES12DEL02,39,4.9,Metropolitian,Windy,Medium,1,Meal,motorcycle,0,No,28,ORDER_DELIVERED,2022-03-19T17:48:00
0x357f,JAPRES010DEL02,31,4.7,Metropolitian,Fog,Low,1,Meal,motorcycle,0,No,15,ORDER_PLACED,2022-03-28T08:55:00
0x357f,JAPRES010DEL02,31,4.7,Metropolitian,Fog,Low,1,Meal,motorcycle,0,No,15,ORDER_PICKED_UP,2022-03-28T09:00:00
0x357f,JAPRES010DEL02,31,4.7,Metropolitian,Fog,Low,1,Meal,motorcycle,0,No,15,ORDER_DELIVERED,2022-03-28T09:15:00
0x538a,MYSRES01DEL02,22,4.8,Metropolitian,Sandstorms,Low,1,Meal,scooter,1,No,12,ORDER_PLACED,2022-03-30T23:10:00
0x538a,MYSRES01DEL02,22,4.8,Metropolitian,Sandstorms,Low,1,Meal,scooter,1,No,12,ORDER_PICKED_UP,2022-03-30T23:15:00
0x538a,MYSRES01DEL02,22,4.8,Metropolitian,Sandstorms,Low,1,Meal,scooter,1,No,12,ORDER_DELIVERED,2022-03-30T23:27:00
0xdd74,GOARES09DEL03,22,4.8,Metropolitian,Fog,Jam,2,Drinks,scooter,1,No,28,ORDER_PLACED,2022-02-13T21:50:00
0xdd74,GOARES09DEL03,22,4.8,Metropolitian,Fog,Jam,2,Drinks,scooter,1,No,28,ORDER_PICKED_UP,2022-02-13T21:55:00
0xdd74,GOARES09DEL03,22,4.8,Metropolitian,Fog,Jam,2,Drinks,scooter,1,No,28,ORDER_DELIVERED,2022-02-13T22:23:00
0x6afc,VADRES07DEL02,20,5.0,Metropolitian,Sunny,Low,1,Buffet,motorcycle,1,No,17,ORDER_PLACED,2022-03-26T09:45:00
0x6afc,VADRES07DEL02,20,5.0,Metropolitian,Sunny,Low,1,Buffet,motorcycle,1,No,17,ORDER_PICKED_UP,2022-03-26T09:50:00
0x6afc,VADRES07DEL02,20,5.0,Metropolitian,Sunny,Low,1,Buffet,motorcycle,1,No,17,ORDER_DELIVERED,2022-03-26T10:07:00
0x72ff,MUMRES03DEL02,29,4.9,Metropolitian,Cloudy,Medium,1,Snack,scooter,1,No,26,ORDER_PLACED,2022-03-02T17:15:00
0x72ff,MUMRES03DEL02,29,4.9,Metropolitian,Cloudy,Medium,1,Snack,scooter,1,No,26,ORDER_PICKED_UP,2022-03-02T17:30:00
0x72ff,MUMRES03DEL02,29,4.9,Metropolitian,Cloudy,Medium,1,Snack,scooter,1,No,26,ORDER_DELIVERED,2022-03-02T17:56:00
0x3318,BANGRES010DEL02,25,4.7,Urban,Sandstorms,Medium,2,Meal,scooter,1,No,23,ORDER_PLACED,2022-03-20T17:50:00
0x3318,BANGRES010DEL02,25,4.7,Urban,Sandstorms,Medium,2,Meal,scooter,1,No,23,ORDER_PICKED_UP,2022-03-20T17:55:00
0x3318,BANGRES010DEL02,25,4.7,Urban,Sandstorms,Medium,2,Meal,scooter,1,No,23,ORDER_DELIVERED,2022-03-20T18:18:00
0x67de,CHENRES03DEL01,23,5.0,Metropolitian,Fog,Jam,0,Drinks,motorcycle,1,No,41,ORDER_PLACED,2022-03-18T21:20:00
0x67de,CHENRES03DEL01,23,5.0,Metropolitian,Fog,Jam,0,Drinks,motorcycle,1,No,41,ORDER_PICKED_UP,2022-03-18T21:35:00
0x67de,CHENRES03DEL01,23,5.0,Metropolitian,Fog,Jam,0,Drinks,motorcycle,1,No,41,ORDER_DELIVERED,2022-03-18T22:16:00
0x677c,JAPRES17DEL02,21,4.1,Metropolitian,Windy,Low,0,Drinks,motorcycle,1,No,26,ORDER_PLACED,2022-03-13T09:40:00
0x677c,JAPRES17DEL02,21,4.1,Metropolitian,Windy,Low,0,Drinks,motorcycle,1,No,26,ORDER_PICKED_UP,2022-03-13T09:55:00
0x677c,JAPRES17DEL02,21,4.1,Metropolitian,Windy,Low,0,Drinks,motorcycle,1,No,26,ORDER_DELIVERED,2022-03-13T10:21:00
0x9650,COIMBRES05DEL01,27,4.3,Urban,Windy,High,0,Meal,motorcycle,0,No,31,ORDER_PLACED,2022-03-15T12:25:00
0x9650,COIMBRES05DEL01,27,4.3,Urban,Windy,High,0,Meal,motorcycle,0,No,31,ORDER_PICKED_UP,2022-03-15T12:30:00
0x9650,COIMBRES05DEL01,27,4.3,Urban,Windy,High,0,Meal,motorcycle,0,No,31,ORDER_DELIVERED,2022-03-15T13:01:00
0x7e4b,HYDRES010DEL02,32,4.5,Metropolitian,Sunny,Low,0,Buffet,motorcycle,1,No,26,ORDER_PLACED,2022-03-24T10:00:00.000029
0x7e4b,HYDRES010DEL02,32,4.5,Metropolitian,Sunny,Low,0,Buffet,motorcycle,1,No,26,ORDER_PICKED_UP,2022-03-24T10:05:00
0x7e4b,HYDRES010DEL02,32,4.5,Metropolitian,Sunny,Low,0,Buffet,motorcycle,1,No,26,ORDER_DELIVERED,2022-03-24T10:31:00
0x1258,BANGRES18DEL02,20,4.8,Metropolitian,Sunny,Medium,0,Snack,motorcycle,1,No,22,ORDER_PLACED,2022-04-04T18:25:00
0x1258,BANGRES18DEL02,20,4.8,Metropolitian,Sunny,Medium,0,Snack,motorcycle,1,No,22,ORDER_PICKED_UP,2022-04-04T18:35:00
0x1258,BANGRES18DEL02,20,4.8,Metropolitian,Sunny,Medium,0,Snack,motorcycle,1,No,22,ORDER_DELIVERED,2022-04-04T18:57:00
0x93d1,JAPRES04DEL02,32,4.4,Metropolitian,Stormy,Jam,2,Buffet,electric_scooter,2,No,42,ORDER_PLACED,2022-03-23T19:45:00
0x93d1,JAPRES04DEL02,32,4.4,Metropolitian,Stormy,Jam,2,Buffet,electric_scooter,2,No,42,ORDER_PICKED_UP,2022-03-23T19:59:59.999971
0x93d1,JAPRES04DEL02,32,4.4,Metropolitian,Stormy,Jam,2,Buffet,electric_scooter,2,No,42,ORDER_DELIVERED,2022-03-23T20:41:59.999971
0x9434,RANCHIRES04DEL03,38,4.4,Metropolitian,Fog,Jam,2,Buffet,motorcycle,1,No,34,ORDER_PLACED,2022-04-05T22:00:00.000029
0x9434,RANCHIRES04DEL03,38,4.4,Metropolitian,Fog,Jam,2,Buffet,motorcycle,1,No,34,ORDER_PICKED_UP,2022-04-05T22:05:00
0x9434,RANCHIRES04DEL03,38,4.4,Metropolitian,Fog,Jam,2,Buffet,motorcycle,1,No,34,ORDER_DELIVERED,2022-04-05T22:39:00
0x1d26,COIMBRES03DEL02,23,4.9,Metropolitian,Windy,Medium,2,Snack,scooter,1,No,21,ORDER_PLACED,2022-03-05T18:35:00
0x1d26,COIMBRES03DEL02,23,4.9,Metropolitian,Windy,Medium,2,Snack,scooter,1,No,21,ORDER_PICKED_UP,2022-03-05T18:50:00
0x1d26,COIMBRES03DEL02,23,4.9,Metropolitian,Windy,Medium,2,Snack,scooter,1,No,21,ORDER_DELIVERED,2022-03-05T19:11:00
0xc3e8,ALHRES18DEL02,31,4.8,Urban,Sunny,Jam,2,Buffet,scooter,0,No,15,ORDER_PLACED,2022-02-13T19:15:00
0xc3e8,ALHRES18DEL02,31,4.8,Urban,Sunny,Jam,2,Buffet,scooter,0,No,15,ORDER_PICKED_UP,2022-02-13T19:30:00
0xc3e8,ALHRES18DEL02,31,4.8,Urban,Sunny,Jam,2,Buffet,scooter,0,No,15,ORDER_DELIVERED,2022-02-13T19:45:00
0x7e72,CHENRES03DEL03,39,4.1,Metropolitian,Fog,Low,2,Buffet,scooter,1,No,34,ORDER_PLACED,2022-03-12T23:35:00
0x7e72,CHENRES03DEL03,39,4.1,Metropolitian,Fog,Low,2,Buffet,scooter,1,No,34,ORDER_PICKED_UP,2022-03-12T23:40:00
0x7e72,CHENRES03DEL03,39,4.1,Metropolitian,Fog,Low,2,Buffet,scooter,1,No,34,ORDER_DELIVERED,2022-03-13T00:14:00
0x9795,VADRES010DEL02,29,4.2,Metropolitian,Stormy,Low,0,Buffet,motorcycle,1,No,26,ORDER_PLACED,2022-03-07T09:25:00
0x9795,VADRES010DEL02,29,4.2,Metropolitian,Stormy,Low,0,Buffet,motorcycle,1,No,26,ORDER_PICKED_UP,2022-03-07T09:30:00
0x9795,VADRES010DEL02,29,4.2,Metropolitian,Stormy,Low,0,Buffet,motorcycle,1,No,26,ORDER_DELIVERED,2022-03-07T09:56:00
0xb44c,MUMRES12DEL02,25,4.9,Metropolitian,Sunny,Jam,0,Snack,motorcycle,1,No,30,ORDER_PLACED,2022-03-23T20:25:00
0xb44c,MUMRES12DEL02,25,4.9,Metropolitian,Sunny,Jam,0,Snack,motorcycle,1,No,30,ORDER_PICKED_UP,2022-03-23T20:40:00
0xb44c,MUMRES12DEL02,25,4.9,Metropolitian,Sunny,Jam,0,Snack,motorcycle,1,No,30,ORDER_DELIVERED,2022-03-23T21:10:00
0x7e25,SURRES08DEL03,21,4.6,Urban,Cloudy,Medium,2,Drinks,scooter,1,No,19,ORDER_PLACED,2022-04-03T18:10:00
0x7e25,SURRES08DEL03,21,4.6,Urban,Cloudy,Medium,2,Drinks,scooter,1,No,19,ORDER_PICKED_UP,2022-04-03T18:20:00
0x7e25,SURRES08DEL03,21,4.6,Urban,Cloudy,Medium,2,Drinks,scooter,1,No,19,ORDER_DELIVERED,2022-04-03T18:39:00
0xa1b8,BANGRES11DEL03,32,4.8,Metropolitian,Stormy,Low,1,Drinks,motorcycle,1,No,20,ORDER_PLACED,2022-03-23T22:40:00
0xa1b8,BANGRES11DEL03,32,4.8,Metropolitian,Stormy,Low,1,Drinks,motorcycle,1,No,20,ORDER_PICKED_UP,2022-03-23T22:55:00
0xa1b8,BANGRES11DEL03,32,4.8,Metropolitian,Stormy,Low,1,Drinks,motorcycle,1,No,20,ORDER_DELIVERED,2022-03-23T23:15:00
0x50c3,VADRES01DEL01,32,4.8,Metropolitian,Sandstorms,Low,1,Meal,motorcycle,1,No,21,ORDER_PLACED,2022-03-28T10:25:00
0x50c3,VADRES01DEL01,32,4.8,Metropolitian,Sandstorms,Low,1,Meal,motorcycle,1,No,21,ORDER_PICKED_UP,2022-03-28T10:35:00
0x50c3,VADRES01DEL01,32,4.8,Metropolitian,Sandstorms,Low,1,Meal,motorcycle,1,No,21,ORDER_DELIVERED,2022-03-28T10:56:00
0x31c7,SURRES05DEL02,26,4.8,Metropolitian,Stormy,Medium,0,Snack,motorcycle,1,No,28,ORDER_PLACED,2022-03-30T18:10:00
0x31c7,SURRES05DEL02,26,4.8,Metropolitian,Stormy,Medium,0,Snack,motorcycle,1,No,28,ORDER_PICKED_UP,2022-03-30T18:25:00
0x31c7,SURRES05DEL02,26,4.8,Metropolitian,Stormy,Medium,0,Snack,motorcycle,1,No,28,ORDER_DELIVERED,2022-03-30T18:53:00
0x326b,COIMBRES07DEL03,35,4.8,Metropolitian,Sunny,Low,2,Snack,scooter,0,No,14,ORDER_PLACED,2022-03-26T22:45:00
0x326b,COIMBRES07DEL03,35,4.8,Metropolitian,Sunny,Low,2,Snack,scooter,0,No,14,ORDER_PICKED_UP,2022-03-26T22:55:00
0x326b,COIMBRES07DEL03,35,4.8,Metropolitian,Sunny,Low,2,Snack,scooter,0,No,14,ORDER_DELIVERED,2022-03-26T23:09:00
0xba2f,CHENRES12DEL03,20,4.8,Metropolitian,Stormy,Low,1,Snack,scooter,0,No,11,ORDER_PLACED,2022-03-31T22:10:00
0xba2f,CHENRES12DEL03,20,4.8,Metropolitian,Stormy,Low,1,Snack,scooter,0,No,11,ORDER_PICKED_UP,2022-03-31T22:20:00
0xba2f,CHENRES12DEL03,20,4.8,Metropolitian,Stormy,Low,1,Snack,scooter,0,No,11,ORDER_DELIVERED,2022-03-31T22:31:00
0xc58f,AGRRES010DEL01,34,4.6,Metropolitian,Cloudy,Medium,2,Buffet,electric_scooter,1,No,18,ORDER_PLACED,2022-02-13T16:30:00
0xc58f,AGRRES010DEL01,34,4.6,Metropolitian,Cloudy,Medium,2,Buffet,electric_scooter,1,No,18,ORDER_PICKED_UP,2022-02-13T16:45:00
0xc58f,AGRRES010DEL01,34,4.6,Metropolitian,Cloudy,Medium,2,Buffet,electric_scooter,1,No,18,ORDER_DELIVERED,2022-02-13T17:03:00
0xa7db,PUNERES18DEL01,24,4.6,Urban,Fog,High,0,Drinks,motorcycle,1,No,28,ORDER_PLACED,2022-03-17T14:35:00
0xa7db,PUNERES18DEL01,24,4.6,Urban,Fog,High,0,Drinks,motorcycle,1,No,28,ORDER_PICKED_UP,2022-03-17T14:45:00
0xa7db,PUNERES18DEL01,24,4.6,Urban,Fog,High,0,Drinks,motorcycle,1,No,28,ORDER_DELIVERED,2022-03-17T15:13:00
0xba32,COIMBRES11DEL03,39,4.9,Metropolitian,Sandstorms,Low,2,Snack,scooter,1,No,20,ORDER_PLACED,2022-03-02T22:40:00
0xba32,COIMBRES11DEL03,39,4.9,Metropolitian,Sandstorms,Low,2,Snack,scooter,1,No,20,ORDER_PICKED_UP,2022-03-02T22:55:00
0xba32,COIMBRES11DEL03,39,4.9,Metropolitian,Sandstorms,Low,2,Snack,scooter,1,No,20,ORDER_DELIVERED,2022-03-02T23:15:00
0x3803,MYSRES01DEL03,37,4.6,Metropolitian,Windy,Low,0,Buffet,motorcycle,1,No,28,ORDER_PLACED,2022-04-04T22:10:00
0x3803,MYSRES01DEL03,37,4.6,Metropolitian,Windy,Low,0,Buffet,motorcycle,1,No,28,ORDER_PICKED_UP,2022-04-04T22:25:00
0x3803,MYSRES01DEL03,37,4.6,Metropolitian,Windy,Low,0,Buffet,motorcycle,1,No,28,ORDER_DELIVERED,2022-04-04T22:53:00
0x5b0e,INDORES13DEL02,22,4.1,Metropolitian,Cloudy,Jam,1,Snack,motorcycle,1,No,40,ORDER_PLACED,2022-03-16T21:00:00
0x5b0e,INDORES13DEL02,22,4.1,Metropolitian,Cloudy,Jam,1,Snack,motorcycle,1,No,40,ORDER_PICKED_UP,2022-03-16T21:05:00
0x5b0e,INDORES13DEL02,22,4.1,Metropolitian,Cloudy,Jam,1,Snack,motorcycle,1,No,40,ORDER_DELIVERED,2022-03-16T21:45:00
0x845,SURRES20DEL03,20,4.6,Metropolitian,Sandstorms,Low,2,Buffet,motorcycle,0,No,17,ORDER_PLACED,2022-03-15T23:45:00
0x845,SURRES20DEL03,20,4.6,Metropolitian,Sandstorms,Low,2,Buffet,motorcycle,0,No,17,ORDER_PICKED_UP,2022-03-15T23:55:00
0x845,SURRES20DEL03,20,4.6,Metropolitian,Sandstorms,Low,2,Buffet,motorcycle,0,No,17,ORDER_DELIVERED,2022-03-16T00:12:00
0x12a5,RANCHIRES03DEL01,27,5.0,Urban,Cloudy,High,1,Drinks,scooter,1,No,25,ORDER_PLACED,2022-03-05T11:35:00
0x12a5,RANCHIRES03DEL01,27,5.0,Urban,Cloudy,High,1,Drinks,scooter,1,No,25,ORDER_PICKED_UP,2022-03-05T11:40:00
0x12a5,RANCHIRES03DEL01,27,5.0,Urban,Cloudy,High,1,Drinks,scooter,1,No,25,ORDER_DELIVERED,2022-03-05T12:05:00
0x548b,HYDRES17DEL01,37,4.4,Metropolitian,Stormy,High,0,Buffet,motorcycle,0,No,38,ORDER_PLACED,2022-03-05T12:00:00
0x548b,HYDRES17DEL01,37,4.4,Metropolitian,Stormy,High,0,Buffet,motorcycle,0,No,38,ORDER_PICKED_UP,2022-03-05T12:10:00
0x548b,HYDRES17DEL01,37,4.4,Metropolitian,Stormy,High,0,Buffet,motorcycle,0,No,38,ORDER_DELIVERED,2022-03-05T12:48:00
0x7898,MYSRES07DEL01,20,4.9,Metropolitian,Sandstorms,Medium,1,Snack,scooter,0,No,22,ORDER_PLACED,2022-04-03T15:35:00
0x7898,MYSRES07DEL01,20,4.9,Metropolitian,Sandstorms,Medium,1,Snack,scooter,0,No,22,ORDER_PICKED_UP,2022-04-03T15:40:00
0x7898,MYSRES07DEL01,20,4.9,Metropolitian,Sandstorms,Medium,1,Snack,scooter,0,No,22,ORDER_DELIVERED,2022-04-03T16:02:00
0xa073,VADRES03DEL02,26,5.0,Metropolitian,Stormy,Jam,2,Snack,scooter,1,No,28,ORDER_PLACED,2022-03-06T20:10:00
0xa073,VADRES03DEL02,26,5.0,Metropolitian,Stormy,Jam,2,Snack,scooter,1,No,28,ORDER_PICKED_UP,2022-03-06T20:20:00
0xa073,VADRES03DEL02,26,5.0,Metropolitian,Stormy,Jam,2,Snack,scooter,1,No,28,ORDER_DELIVERED,2022-03-06T20:48:00
