ID,Delivery_person_ID,Delivery_person_Age,Delivery_person_Ratings,Restaurant_latitude,Restaurant_longitude,Delivery_location_latitude,Delivery_location_longitude,Order_Date,Time_Orderd,Time_Order_picked,Weather_conditions,Road_traffic_density,Vehicle_condition,Type_of_order,Type_of_vehicle,multiple_deliveries,Festival,City,Time_taken (min)
0x39ab,MYSRES11DEL02,31.0,4.7,12.323225,76.630028,12.373225,76.680028,13-03-2022,17:40,17:55,Stormy,Medium,0,Buffet,motorcycle,0.0,No,Metropolitian,26
0x127b,SURRES010DEL02,37.0,4.8,21.17106,72.789292,21.22106,72.839292,28-03-2022,21:15,21:30,Sunny,Jam,0,Buffet,motorcycle,0.0,No,Metropolitian,22
0x1fcd,CHENRES13DEL02,38.0,4.9,13.027018,80.254791,13.157018,80.384791,27-03-2022,19:55,0.833333333,Windy,Jam,0,Meal,motorcycle,1.0,No,Metropolitian,37
0x929c,HYDRES01DEL01,21.0,4.5,17.410371,78.437225,17.520371,78.547225,27-03-2022,19:40,19:55,Windy,Jam,2,Buffet,electric_scooter,1.0,No,Metropolitian,19
0x1270,HYDRES17DEL02,24.0,4.2,17.451976,78.385883,17.471976,78.405883,21-03-2022,09:20,09:30,Sandstorms,Low,0,Drinks,motorcycle,1.0,No,Urban,24
0x9030,RANCHIRES14DEL02,25.0,4.1,0.0,0.0,0.05,0.05,05-04-2022,23:35,23:40,Windy,Low,0,Meal,motorcycle,0.0,No,Metropolitian,16
0x55c1,PUNERES07DEL01,28.0,5.0,18.546947,73.900626,18.656947,74.010626,29-03-2022,22:55,23:05,Cloudy,Low,0,Buffet,motorcycle,0.0,No,Urban,23
0xd25d,KOCRES06DEL02,27.0,4.7,9.982834,76.283268,10.112834,76.413268,16-02-2022,23:15,23:25,Windy,Low,1,Meal,scooter,0.0,No,Urban,13
0x3e29,CHENRES16DEL01,35.0,5.0,13.049645,80.242268,13.059645,80.252268,13-03-2022,0.458333333,11:10,Sunny,Low,0,Drinks,motorcycle,1.0,No,Metropolitian,29
0x46de,SURRES04DEL02,39.0,4.7,21.173493,72.801953,21.193493,72.821953,01-04-2022,09:20,09:35,Windy,Low,2,Drinks,scooter,0.0,No,Metropolitian,24
0x6b9c,CHENRES11DEL02,21.0,4.9,13.064181,80.236442,13.144181,80.316442,02-04-2022,18:45,0.791666667,Sandstorms,Medium,0,Snack,motorcycle,1.0,No,Urban,27
0x84d2,VADRES03DEL02,22.0,4.6,22.32,73.17,22.4,73.25,31-03-2022,22:25,22:35,Sandstorms,Low,2,Meal,scooter,0.0,No,Metropolitian,11
0x9c4f,JAPRES18DEL01,22.0,4.8,26.913987,75.752891,26.923987,75.762891,19-03-2022,10:45,10:55,Windy,Low,2,Drinks,scooter,0.0,No,Metropolitian,10
0x79b4,RANCHIRES03DEL03,20.0,4.7,0.0,0.0,0.06,0.06,30-03-2022,17:10,17:15,Fog,Medium,0,Meal,motorcycle,0.0,No,Urban,20
0xade2,MUMRES14DEL03,36.0,4.7,19.1813,72.836191,19.2113,72.866191,03-03-2022,21:15,21:25,Sandstorms,Jam,1,Drinks,scooter,1.0,No,Metropolitian,25
0x45f8,MYSRES16DEL01,27.0,4.7,12.316967,76.603067,12.356967,76.643067,21-03-2022,14:15,14:20,Cloudy,High,1,Snack,motorcycle,1.0,No,Metropolitian,25
0x2b09,HYDRES01DEL01,28.0,4.2,17.410371,78.437225,17.420371,78.447225,26-03-2022,10:40,10:45,Stormy,Low,0,Drinks,motorcycle,1.0,No,Metropolitian,29
0x4655,CHENRES02DEL03,38.0,4.4,13.086438,80.220672,13.176438,80.310672,25-03-2022,20:55,21:10,Windy,Jam,1,Meal,motorcycle,1.0,No,Urban,32
0xa287,MYSRES14DEL03,31.0,5.0,0.0,0.0,0.06,0.06,07-03-2022,19:40,19:55,Cloudy,Jam,1,Drinks,motorcycle,2.0,No,Urban,35
0xbb10,MYSRES08DEL01,35.0,4.9,12.297954,76.665169,12.367954,76.735169,27-03-2022,23:55,24:10:00,Sandstorms,Low,0,Meal,motorcycle,1.0,No,Metropolitian,26
0xe008,DEHRES08DEL02,36.0,4.4,30.359722,78.067079,30.409722,78.117079,15-02-2022,20:15,20:25,Stormy,Jam,0,Snack,motorcycle,1.0,No,Metropolitian,46
0x5d53,PUNERES06DEL01,25.0,4.8,18.546258,73.904337,18.586258,73.944337,15-03-2022,15:40,15:50,Sunny,Medium,0,Snack,motorcycle,1.0,No,Metropolitian,22
0xa587,JAPRES19DEL02,21.0,4.5,26.913726,75.75282,26.963726,75.80282,01-04-2022,20:55,21:05,Cloudy,Jam,0,Meal,motorcycle,0.0,No,Metropolitian,27
0x745e,VADRES05DEL02,27.0,4.6,22.310526,73.170937,22.360526,73.220937,13-03-2022,0.916666667,22:05,Cloudy,Jam,1,Buffet,motorcycle,1.0,No,Urban,27
0x7448,RANCHIRES16DEL01,27.0,4.6,23.371292,85.327872,23.411292,85.367872,11-03-2022,16:40,16:55,Sandstorms,Medium,1,Snack,scooter,0.0,No,Metropolitian,28
0xd395,LUDHRES11DEL01,34.0,4.7,30.893081,75.821495,31.003081,75.931495,14-02-2022,21:30,21:45,Sandstorms,Jam,0,Meal,motorcycle,0.0,No,Metropolitian,52
0xdd07,BHPRES02DEL02,36.0,4.6,0.0,0.0,0.05,0.05,17-02-2022,22:15,22:25,Cloudy,Low,1,Buffet,motorcycle,1.0,No,Metropolitian,18
0x6854,PUNERES18DEL01,25.0,4.7,18.593481,73.785901,18.703481,73.895901,16-03-2022,23:20,23:30,Windy,Low,1,Drinks,scooter,0.0,No,Urban,19
0x6538,VADRES010DEL03,36.0,4.4,22.310329,73.169083,22.340329,73.199083,19-03-2022,19:20,19:25,Sandstorms,Jam,0,Snack,motorcycle,0.0,No,Semi-Urban,48
0x5cb0,MUMRES13DEL01,33.0,4.0,19.178321,72.834715,19.248321,72.904715,08-03-2022,20:55,0.875,Windy,Jam,0,Meal,motorcycle,1.0,No,Metropolitian,52
0x7f71,MYSRES11DEL02,36.0,4.5,12.323225,76.630028,12.453225,76.760028,29-03-2022,19:40,19:50,Stormy,Jam,2,Snack,scooter,1.0,No,Metropolitian,35
0xc52,CHENRES08DEL03,38.0,4.8,13.022394,80.242439,13.052394,80.272439,19-03-2022,22:10,22:15,Sunny,Low,0,Meal,motorcycle,1.0,No,Metropolitian,24
0xca2f,KOCRES16DEL01,34.0,4.5,10.003064,76.307589,10.013064,76.317589,15-02-2022,09:15,09:20,Sandstorms,Low,2,Drinks,electric_scooter,1.0,No,Metropolitian,28
0x46e4,VADRES01DEL01,29.0,4.7,22.307898,73.167788,22.377898,73.237788,08-03-2022,17:15,17:30,Fog,Medium,0,Drinks,motorcycle,1.0,No,Metropolitian,35
0x50d9,JAPRES08DEL01,31.0,4.7,26.910262,75.783013,27.020262,75.893013,20-03-2022,17:40,17:45,Sunny,Medium,0,Meal,motorcycle,1.0,No,Metropolitian,29
0xd1b2,DEHRES02DEL01,35.0,4.6,0.0,0.0,0.01,0.01,15-02-2022,09:40,09:55,Cloudy,Low,2,Buffet,scooter,0.0,No,Urban,15
0x8544,MYSRES05DEL01,25.0,4.2,12.323978,76.627961,12.393978,76.697961,10-03-2022,20:10,20:25,Fog,Jam,2,Meal,motorcycle,1.0,No,Metropolitian,44
0xc919,GOARES17DEL02,36.0,4.9,15.496162,73.825364,15.576162,73.905364,14-02-2022,22:15,22:20,Stormy,Low,0,Drinks,motorcycle,0.0,No,Metropolitian,28
0xac46,PUNERES04DEL02,21.0,5.0,18.51421,73.838429,18.59421,73.918429,14-03-2022,19:40,19:55,Sandstorms,Jam,0,Snack,motorcycle,0.0,No,Metropolitian,32
0x5e2e,SURRES05DEL03,23.0,4.3,21.175104,72.804342,21.265104,72.894342,02-04-2022,21:35,21:45,Fog,Jam,1,Drinks,motorcycle,2.0,No,Urban,44
0xd273,BHPRES06DEL01,35.0,4.7,23.232357,77.429989,23.302357,77.499989,12-02-2022,18:50,18:55,Sandstorms,Medium,2,Buffet,scooter,1.0,No,Urban,29
0x904a,PUNERES05DEL01,31.0,4.6,18.543626,73.905101,18.613626,73.975101,14-03-2022,22:50,0.958333333,Sandstorms,Low,2,Buffet,motorcycle,1.0,No,Metropolitian,25
0x4e74,COIMBRES04DEL03,37.0,4.8,11.024839,77.007003,11.054839,77.037003,05-04-2022,22:55,0.958333333,Stormy,Low,1,Meal,scooter,1.0,No,Metropolitian,26
0x600b,PUNERES06DEL02,35.0,4.7,18.546258,73.904337,18.626258,73.984337,31-03-2022,17:50,18:05,Sunny,Medium,2,Meal,motorcycle,1.0,No,Metropolitian,25
0xb634,PUNERES06DEL03,36.0,4.7,18.546258,73.904337,18.606258,73.964337,05-04-2022,1,24:10:00,Cloudy,Low,1,Buffet,motorcycle,0.0,No,Metropolitian,19
0xb31d,BANGRES19DEL02,27.0,4.5,12.914264,77.6784,13.044264,77.8084,04-03-2022,20:40,20:50,Sunny,Jam,2,Meal,electric_scooter,0.0,No,Metropolitian,19
0xdb09,KOLRES03DEL02,22.0,4.5,22.526461,88.364453,22.606461,88.444453,12-02-2022,18:35,18:50,Sunny,Medium,1,Meal,scooter,1.0,No,Metropolitian,15
0x88eb,RANCHIRES01DEL01,35.0,4.4,23.416792,85.316842,23.486792,85.386842,06-03-2022,18:30,18:45,Windy,Medium,0,Drinks,motorcycle,0.0,No,Urban,35
0xd83c,LUDHRES08DEL02,34.0,4.8,30.899992,75.831338,30.949992,75.881338,11-02-2022,19:55,0.833333333,Cloudy,Jam,2,Meal,scooter,1.0,No,Urban,34
0x522b,CHENRES03DEL01,34.0,4.9,13.091809,80.219104,13.161809,80.289104,02-04-2022,20:20,20:30,Fog,Jam,1,Drinks,scooter,1.0,No,Metropolitian,44
0xb12e,HYDRES02DEL01,33.0,4.6,17.41233,78.449654,17.45233,78.489654,19-03-2022,15:15,15:30,Windy,Medium,1,Snack,motorcycle,1.0,No,Metropolitian,30
0xc143,KNPRES14DEL03,37.0,4.5,26.463504,80.372929,26.493504,80.402929,13-02-2022,22:30,22:40,Windy,Low,1,Meal,motorcycle,0.0,No,Urban,20
0x256d,HYDRES11DEL01,30.0,5.0,17.430448,78.418213,17.540448,78.528213,08-03-2022,19:15,19:25,Fog,Jam,1,Meal,scooter,1.0,No,Metropolitian,41
0x4d9d,VADRES20DEL01,22.0,4.8,22.311358,73.164798,22.421358,73.274798,14-03-2022,18:20,18:35,Sandstorms,Medium,2,Buffet,scooter,1.0,No,Urban,25
0xb6b3,INDORES02DEL02,24.0,4.6,22.651847,75.881991,22.731847,75.961991,29-03-2022,22:25,22:35,Fog,Low,0,Buffet,motorcycle,0.0,No,Metropolitian,23
0x4798,INDORES17DEL01,25.0,4.5,22.761226,75.887522,22.771226,75.897522,09-03-2022,08:30,08:45,Sunny,Low,0,Drinks,motorcycle,0.0,No,Metropolitian,15
0xa58f,MYSRES04DEL02,35.0,4.9,12.3085,76.665808,12.3885,76.745808,04-04-2022,18:10,18:20,Windy,Medium,0,Meal,motorcycle,1.0,No,Metropolitian,36
0xa25a,PUNERES12DEL01,33.0,3.8,18.520016,73.830547,18.590016,73.900547,20-03-2022,21:55,22:10,Sandstorms,Jam,2,Drinks,electric_scooter,0.0,No,Metropolitian,33
0xa151,PUNERES13DEL02,31.0,4.3,18.56245,73.916619,18.69245,74.046619,31-03-2022,20:25,20:35,Windy,Jam,0,Drinks,motorcycle,1.0,No,Metropolitian,41
0xc678,KOLRES18DEL01,33.0,4.6,22.569367,88.433187,22.579367,88.443187,11-02-2022,11:50,11:55,Stormy,High,1,Meal,scooter,1.0,No,Metropolitian,26
0x731b,SURRES01DEL03,32.0,4.5,21.186438,72.794115,21.216438,72.824115,24-03-2022,21:10,21:20,Stormy,Jam,1,Meal,motorcycle,1.0,No,Metropolitian,28
0x205d,COIMBRES09DEL03,26.0,4.7,11.008638,76.984311,11.098638,77.074311,06-04-2022,22:20,22:35,Stormy,Low,2,Snack,scooter,0.0,No,Metropolitian,14
0xcd3a,BHPRES05DEL02,38.0,4.7,23.214459,77.434976,23.264459,77.484976,17-02-2022,20:30,20:35,Windy,Jam,1,Meal,scooter,1.0,No,Metropolitian,33
0xdca6,ALHRES12DEL02,20.0,4.7,25.443994,81.860187,25.523994,81.940187,18-02-2022,22:35,22:45,Sandstorms,Low,0,Buffet,motorcycle,0.0,No,Metropolitian,24
0x753d,MYSRES04DEL03,20.0,5.0,12.3085,76.665808,12.3985,76.755808,20-03-2022,22:55,23:05,Sandstorms,Low,0,Buffet,motorcycle,1.0,No,Metropolitian,19
0x7a7b,SURRES12DEL02,39.0,4.9,21.183434,72.814492,21.233434,72.864492,19-03-2022,17:15,17:20,Windy,Medium,1,Meal,motorcycle,0.0,No,Metropolitian,28
0x357f,JAPRES010DEL02,31.0,4.7,26.921411,75.793604,26.941411,75.813604,28-03-2022,08:55,0.375,Fog,Low,1,Meal,motorcycle,0.0,No,Metropolitian,15
0x538a,MYSRES01DEL02,22.0,4.8,12.311072,76.654878,12.361072,76.704878,30-03-2022,23:10,23:15,Sandstorms,Low,1,Meal,scooter,1.0,No,Metropolitian,12
0xdd74,GOARES09DEL03,22.0,4.8,15.303897,73.914336,15.363897,73.974336,13-02-2022,21:50,21:55,Fog,Jam,2,Drinks,scooter,1.0,No,Metropolitian,28
0x6afc,VADRES07DEL02,20.0,5.0,0.0,0.0,0.02,0.02,26-03-2022,09:45,09:50,Sunny,Low,1,Buffet,motorcycle,1.0,No,Metropolitian,17
0x72ff,MUMRES03DEL02,29.0,4.9,19.22384,72.841347,19.35384,72.971347,02-03-2022,17:15,17:30,Cloudy,Medium,1,Snack,scooter,1.0,No,Metropolitian,26
0x3318,BANGRES010DEL02,25.0,4.7,12.933298,77.614293,13.063298,77.744293,20-03-2022,17:50,17:55,Sandstorms,Medium,2,Meal,scooter,1.0,No,Urban,23
0x67de,CHENRES03DEL01,23.0,5.0,13.091809,80.219104,13.161809,80.289104,18-03-2022,21:20,21:35,Fog,Jam,0,Drinks,motorcycle,1.0,No,Metropolitian,41
0x677c,JAPRES17DEL02,21.0,4.1,26.892312,75.806896,26.912312,75.826896,13-03-2022,09:40,09:55,Windy,Low,0,Drinks,motorcycle,1.0,No,Metropolitian,26
0x9650,COIMBRES05DEL01,27.0,4.3,11.022169,76.999594,11.062169,77.039594,15-03-2022,12:25,12:30,Windy,High,0,Meal,motorcycle,0.0,No,Urban,31
0x7e4b,HYDRES010DEL02,32.0,4.5,17.428294,78.404423,17.448294,78.424423,24-03-2022,0.416666667,10:05,Sunny,Low,0,Buffet,motorcycle,1.0,No,Metropolitian,26
0x1258,BANGRES18DEL02,20.0,4.8,12.913041,77.683237,13.043041,77.813237,04-04-2022,18:25,18:35,Sunny,Medium,0,Snack,motorcycle,1.0,No,Metropolitian,22
0x93d1,JAPRES04DEL02,32.0,4.4,26.902328,75.794257,26.982328,75.874257,23-03-2022,19:45,0.833333333,Stormy,Jam,2,Buffet,electric_scooter,2.0,No,Metropolitian,42
0x9434,RANCHIRES04DEL03,38.0,4.4,23.359033,85.325347,23.419033,85.385347,05-04-2022,0.916666667,22:05,Fog,Jam,2,Buffet,motorcycle,1.0,No,Metropolitian,34
0x1d26,COIMBRES03DEL02,23.0,4.9,11.025083,77.015393,11.075083,77.065393,05-03-2022,18:35,18:50,Windy,Medium,2,Snack,scooter,1.0,No,Metropolitian,21
0xc3e8,ALHRES18DEL02,31.0,4.8,25.450317,81.831681,25.500317,81.881681,13-02-2022,19:15,19:30,Sunny,Jam,2,Buffet,scooter,0.0,No,Urban,15
0x7e72,CHENRES03DEL03,39.0,4.1,13.091809,80.219104,13.181809,80.309104,12-03-2022,23:35,23:40,Fog,Low,2,Buffet,scooter,1.0,No,Metropolitian,34
0x9795,VADRES010DEL02,29.0,4.2,22.310329,73.169083,22.330329,73.189083,07-03-2022,09:25,09:30,Stormy,Low,0,Buffet,motorcycle,1.0,No,Metropolitian,26
0xb44c,MUMRES12DEL02,25.0,4.9,19.207222,72.972281,19.287222,73.052281,23-03-2022,20:25,20:40,Sunny,Jam,0,Snack,motorcycle,1.0,No,Metropolitian,30
0x7e25,SURRES08DEL03,21.0,4.6,21.173343,72.792731,21.203343,72.822731,03-04-2022,18:10,18:20,Cloudy,Medium,2,Drinks,scooter,1.0,No,Urban,19
0xa1b8,BANGRES11DEL03,32.0,4.8,12.934365,77.616155,13.024365,77.706155,23-03-2022,22:40,22:55,Stormy,Low,1,Drinks,motorcycle,1.0,No,Metropolitian,20
0x50c3,VADRES01DEL01,32.0,4.8,22.307898,73.167788,22.317898,73.177788,28-03-2022,10:25,10:35,Sandstorms,Low,1,Meal,motorcycle,1.0,No,Metropolitian,21
0x31c7,SURRES05DEL02,26.0,4.8,21.175104,72.804342,21.225104,72.854342,30-03-2022,18:10,18:25,Stormy,Medium,0,Snack,motorcycle,1.0,No,Metropolitian,28
0x326b,COIMBRES07DEL03,35.0,4.8,10.96185,76.971082,10.99185,77.001082,26-03-2022,22:45,22:55,Sunny,Low,2,Snack,scooter,0.0,No,Metropolitian,14
0xba2f,CHENRES12DEL03,20.0,4.8,12.972793,80.249982,13.062793,80.339982,31-03-2022,22:10,22:20,Stormy,Low,1,Snack,scooter,0.0,No,Metropolitian,11
0xc58f,AGRRES010DEL01,34.0,4.6,27.163303,78.057044,27.203303,78.097044,13-02-2022,16:30,16:45,Cloudy,Medium,2,Buffet,electric_scooter,1.0,No,Metropolitian,18
0xa7db,PUNERES18DEL01,24.0,4.6,18.593481,73.785901,18.633481,73.825901,17-03-2022,14:35,14:45,Fog,High,0,Drinks,motorcycle,1.0,No,Urban,28
0xba32,COIMBRES11DEL03,39.0,4.9,11.001753,76.986241,11.091753,77.076241,02-03-2022,22:40,22:55,Sandstorms,Low,2,Snack,scooter,1.0,No,Metropolitian,20
0x3803,MYSRES01DEL03,37.0,4.6,12.311072,76.654878,12.401072,76.744878,04-04-2022,22:10,22:25,Windy,Low,0,Buffet,motorcycle,1.0,No,Metropolitian,28
0x5b0e,INDORES13DEL02,22.0,4.1,22.745049,75.892471,22.875049,76.022471,16-03-2022,0.875,21:05,Cloudy,Jam,1,Snack,motorcycle,1.0,No,Metropolitian,40
0x845,SURRES20DEL03,20.0,4.6,21.15276,72.778059,21.18276,72.808059,15-03-2022,23:45,23:55,Sandstorms,Low,2,Buffet,motorcycle,0.0,No,Metropolitian,17
0x12a5,RANCHIRES03DEL01,27.0,5.0,0.0,0.0,0.01,0.01,05-03-2022,11:35,11:40,Cloudy,High,1,Drinks,scooter,1.0,No,Urban,25
0x548b,HYDRES17DEL01,37.0,4.4,17.451976,78.385883,17.461976,78.395883,05-03-2022,0.5,12:10,Stormy,High,0,Buffet,motorcycle,0.0,No,Metropolitian,38
0x7898,MYSRES07DEL01,20.0,4.9,12.325461,76.632278,12.365461,76.672278,03-04-2022,15:35,15:40,Sandstorms,Medium,1,Snack,scooter,0.0,No,Metropolitian,22
0xa073,VADRES03DEL02,26.0,5.0,22.32,73.17,22.4,73.25,06-03-2022,20:10,20:20,Stormy,Jam,2,Snack,scooter,1.0,No,Metropolitian,28
